"0","str(Gene_DataCollection)"
"1","'data.frame':	"
"1",""
"1","1018"
"1",""
"1"," obs. of  "
"1",""
"1","15"
"1",""
"1"," variable"
"1",""
"1","s"
"1",""
"1",":"
"1",""
"1","
"
"1"," "
"1",""
"1","$ "
"1",""
"1","wrapnum     "
"1",""
"1",":"
"1"," chr  "
"1",""
"1","""wrap0001"" ""wrap0002"" ""wrap0006"" ""wrap0008"""
"1",""
"1"," ..."
"1",""
"1","
"
"1"," "
"1",""
"1","$ "
"1",""
"1","WRAPNo      "
"1",""
"1",":"
"1"," chr  "
"1",""
"1","""0001"" ""0002"" ""0006"" ""0008"""
"1",""
"1"," ..."
"1",""
"1","
"
"1"," "
"1",""
"1","$ "
"1",""
"1","C677T       "
"1",""
"1",":"
"1"," chr  "
"1",""
"1",""""" """" """" """""
"1",""
"1"," ..."
"1",""
"1","
"
"1"," "
"1",""
"1","$ "
"1",""
"1","A1298C      "
"1",""
"1",":"
"1"," chr  "
"1",""
"1",""""" """" """" """""
"1",""
"1"," ..."
"1",""
"1","
"
"1"," "
"1",""
"1","$ "
"1",""
"1","CBS         "
"1",""
"1",":"
"1"," chr  "
"1",""
"1",""""" """" """" """""
"1",""
"1"," ..."
"1",""
"1","
"
"1"," "
"1",""
"1","$ "
"1",""
"1","T833C       "
"1",""
"1",":"
"1"," chr  "
"1",""
"1",""""" """" """" """""
"1",""
"1"," ..."
"1",""
"1","
"
"1"," "
"1",""
"1","$ "
"1",""
"1","A2756G      "
"1",""
"1",":"
"1"," chr  "
"1",""
"1",""""" """" """" """""
"1",""
"1"," ..."
"1",""
"1","
"
"1"," "
"1",""
"1","$ "
"1",""
"1","MTRR        "
"1",""
"1",":"
"1"," int  "
"1",""
"1","NA NA NA NA NA NA NA NA NA NA"
"1",""
"1"," ..."
"1",""
"1","
"
"1"," "
"1",""
"1","$ "
"1",""
"1","T471C       "
"1",""
"1",":"
"1"," chr  "
"1",""
"1",""""" """" """" """""
"1",""
"1"," ..."
"1",""
"1","
"
"1"," "
"1",""
"1","$ "
"1",""
"1","APOE_C609T  "
"1",""
"1",":"
"1"," chr  "
"1",""
"1",""""" """" """" """""
"1",""
"1"," ..."
"1",""
"1","
"
"1"," "
"1",""
"1","$ "
"1",""
"1","APOE112_158 "
"1",""
"1",":"
"1"," int  "
"1",""
"1","NA NA NA NA NA NA NA NA NA NA"
"1",""
"1"," ..."
"1",""
"1","
"
"1"," "
"1",""
"1","$ "
"1",""
"1","A209G       "
"1",""
"1",":"
"1"," chr  "
"1",""
"1",""""" """" """" """""
"1",""
"1"," ..."
"1",""
"1","
"
"1"," "
"1",""
"1","$ "
"1",""
"1","G1615A      "
"1",""
"1",":"
"1"," chr  "
"1",""
"1",""""" """" """" """""
"1",""
"1"," ..."
"1",""
"1","
"
"1"," "
"1",""
"1","$ "
"1",""
"1","G248A       "
"1",""
"1",":"
"1"," chr  "
"1",""
"1","""C"" ""H"" ""C"" ""C"""
"1",""
"1"," ..."
"1",""
"1","
"
"1"," "
"1",""
"1","$ "
"1",""
"1","update_stamp"
"1",""
"1",":"
"1"," chr  "
"1",""
"1","""2024-09-13 08:52:30.0"" ""2024-09-13 08:52:30.0"" ""2024-09-13 08:52:30.0"" ""2024-09-13 08:52:30.0"""
"1",""
"1"," ..."
"1",""
"1","
"
